x_over_c,Cp_alpha_-5.00,Cp_alpha_-4.00,Cp_alpha_-3.00,Cp_alpha_-2.00,Cp_alpha_-1.00,Cp_alpha_0.00,Cp_alpha_1.00,Cp_alpha_2.00,Cp_alpha_3.00,Cp_alpha_4.00,Cp_alpha_5.00,Cp_alpha_6.00,Cp_alpha_7.00,Cp_alpha_8.00,Cp_alpha_9.00,Cp_alpha_10.00,Cp_alpha_11.00,Cp_alpha_12.00,Cp_alpha_13.00,Cp_alpha_14.00,Cp_alpha_15.00,Cp_alpha_16.00,Cp_alpha_17.00,Cp_alpha_18.00,Cp_alpha_19.00,Cp_alpha_20.00
0.999281,0.998844,0.998988,0.999123,0.999250,0.999366,0.999474,0.999571,0.999659,0.999737,0.999805,0.999863,0.999911,0.999949,0.999976,0.999993,1.000000,0.999996,0.999983,0.999959,0.999924,0.999880,0.999825,0.999761,0.999686,0.999601,0.999507
0.998266,-1.858318,-1.830121,-1.800348,-1.769036,-1.736222,-1.701948,-1.666254,-1.629185,-1.590784,-1.551100,-1.510180,-1.468074,-1.424834,-1.380512,-1.335162,-1.288840,-1.241601,-1.193504,-1.144607,-1.094970,-1.044653,-0.993717,-0.942225,-0.890239,-0.837822,-0.785039
0.996744,0.916685,0.915836,0.915035,0.914282,0.913578,0.912924,0.912321,0.911769,0.911270,0.910823,0.910430,0.910090,0.909805,0.909574,0.909398,0.909277,0.909212,0.909201,0.909246,0.909347,0.909502,0.909712,0.909977,0.910297,0.910670,0.911097
0.994718,-0.973661,-0.957800,-0.940815,-0.922727,-0.903558,-0.883332,-0.862073,-0.839806,-0.816560,-0.792361,-0.767241,-0.741229,-0.714357,-0.686659,-0.658166,-0.628915,-0.598941,-0.568281,-0.536971,-0.505050,-0.472557,-0.439532,-0.406014,-0.372045,-0.337666,-0.302918
0.992189,0.811413,0.810614,0.809928,0.809358,0.808902,0.808563,0.808340,0.808234,0.808245,0.808372,0.808616,0.808977,0.809453,0.810045,0.810751,0.811571,0.812504,0.813548,0.814703,0.815966,0.817337,0.818814,0.820395,0.822078,0.823860,0.825741
0.989160,-0.683897,-0.671541,-0.658216,-0.643939,-0.628726,-0.612597,-0.595570,-0.577667,-0.558909,-0.539320,-0.518923,-0.497743,-0.475805,-0.453138,-0.429767,-0.405722,-0.381032,-0.355727,-0.329838,-0.303396,-0.276434,-0.248985,-0.221081,-0.192757,-0.164047,-0.134987
0.985635,0.723500,0.723150,0.722968,0.722955,0.723111,0.723435,0.723927,0.724588,0.725414,0.726407,0.727564,0.728884,0.730366,0.732008,0.733807,0.735762,0.737870,0.740128,0.742535,0.745086,0.747779,0.750611,0.753578,0.756676,0.759901,0.763251
0.981617,-0.546894,-0.535726,-0.523666,-0.510729,-0.496932,-0.482289,-0.466821,-0.450545,-0.433481,-0.415650,-0.397073,-0.377774,-0.357776,-0.337103,-0.315780,-0.293834,-0.271291,-0.248179,-0.224525,-0.200359,-0.175710,-0.150607,-0.125083,-0.099167,-0.072891,-0.046288
0.977110,0.650732,0.651041,0.651563,0.652297,0.653242,0.654396,0.655758,0.657327,0.659101,0.661077,0.663253,0.665627,0.668195,0.670955,0.673903,0.677035,0.680348,0.683838,0.687500,0.691329,0.695322,0.699474,0.703779,0.708231,0.712827,0.717560
0.972120,-0.470458,-0.459535,-0.447768,-0.435169,-0.421756,-0.407543,-0.392549,-0.376791,-0.360289,-0.343063,-0.325134,-0.306524,-0.287255,-0.267351,-0.246836,-0.225736,-0.204075,-0.181880,-0.159179,-0.135998,-0.112367,-0.088314,-0.063868,-0.039059,-0.013917,0.011526
0.966651,0.589667,0.590765,0.592111,0.593702,0.595537,0.597614,0.599930,0.602482,0.605268,0.608283,0.611525,0.614988,0.618670,0.622565,0.626668,0.630976,0.635482,0.640181,0.645067,0.650135,0.655377,0.660789,0.666362,0.672091,0.677968,0.683987
0.960710,-0.424330,-0.413162,-0.401180,-0.388400,-0.374836,-0.360506,-0.345426,-0.329616,-0.313093,-0.295880,-0.277995,-0.259462,-0.240303,-0.220541,-0.200200,-0.179305,-0.157882,-0.135956,-0.113554,-0.090704,-0.067434,-0.043771,-0.019745,0.004615,0.029280,0.054219
0.954302,0.537601,0.539576,0.541826,0.544350,0.547143,0.550202,0.553524,0.557105,0.560940,0.565025,0.569354,0.573923,0.578725,0.583756,0.589008,0.594475,0.600152,0.606030,0.612103,0.618363,0.624802,0.631414,0.638189,0.645120,0.652198,0.659414
0.947435,-0.395633,-0.383919,-0.371414,-0.358135,-0.344097,-0.329318,-0.313815,-0.297608,-0.280715,-0.263159,-0.244959,-0.226139,-0.206721,-0.186728,-0.166186,-0.145119,-0.123553,-0.101514,-0.079029,-0.056126,-0.032832,-0.009175,0.014815,0.039109,0.063678,0.088491
0.940115,0.492489,0.495409,0.498627,0.502139,0.505941,0.510028,0.514396,0.519038,0.523950,0.529125,0.534556,0.540239,0.546164,0.552326,0.558717,0.565328,0.572152,0.579181,0.586406,0.593818,0.601408,0.609167,0.617086,0.625154,0.633363,0.641701
0.932351,-0.377908,-0.365440,-0.352201,-0.338207,-0.323475,-0.308023,-0.291870,-0.275034,-0.257538,-0.239402,-0.220648,-0.201299,-0.181379,-0.160912,-0.139923,-0.118437,-0.096481,-0.074082,-0.051266,-0.028062,-0.004497,0.019399,0.043598,0.068069,0.092784,0.117711
0.924150,0.452793,0.456717,0.460956,0.465506,0.470360,0.475514,0.480960,0.486693,0.492704,0.498988,0.505535,0.512339,0.519390,0.526681,0.534202,0.541944,0.549898,0.558054,0.566403,0.574933,0.583635,0.592497,0.601511,0.610663,0.619943,0.629340
0.915522,-0.367569,-0.354192,-0.340059,-0.325189,-0.309599,-0.293308,-0.276337,-0.258705,-0.240435,-0.221548,-0.202067,-0.182017,-0.161422,-0.140306,-0.118696,-0.096618,-0.074098,-0.051165,-0.027846,-0.004169,0.019836,0.044140,0.068715,0.093529,0.118553,0.143755
0.906475,0.417355,0.422336,0.427646,0.433279,0.439227,0.445484,0.452041,0.458891,0.466026,0.473436,0.481113,0.489048,0.497230,0.505650,0.514297,0.523162,0.532232,0.541498,0.550947,0.560568,0.570351,0.580281,0.590349,0.600540,0.610844,0.621247
0.897018,-0.362498,-0.348083,-0.332928,-0.317052,-0.300473,-0.283212,-0.265290,-0.246728,-0.227550,-0.207779,-0.187439,-0.166554,-0.145150,-0.123254,-0.100891,-0.078089,-0.054876,-0.031280,-0.007330,0.016944,0.041515,0.066350,0.091421,0.116697,0.142146,0.167739
0.887162,0.385290,0.391381,0.397810,0.404570,0.411653,0.419050,0.426751,0.434748,0.443030,0.451588,0.460411,0.469489,0.478810,0.488364,0.498137,0.508119,0.518297,0.528660,0.539193,0.549885,0.560723,0.571692,0.582781,0.593975,0.605261,0.616624
0.876917,-0.361394,-0.345830,-0.329541,-0.312546,-0.294866,-0.276522,-0.257537,-0.237934,-0.217737,-0.196971,-0.175660,-0.153831,-0.131511,-0.108726,-0.085504,-0.061874,-0.037864,-0.013504,0.011177,0.036148,0.061380,0.086841,0.112501,0.138327,0.164290,0.190356
0.866294,0.355911,0.363165,0.370763,0.378696,0.386955,0.395530,0.404409,0.413584,0.423041,0.432770,0.442759,0.452996,0.463468,0.474162,0.485066,0.496165,0.507448,0.518899,0.530505,0.542252,0.554126,0.566111,0.578194,0.590359,0.602592,0.614878
0.855303,-0.363444,-0.346628,-0.329101,-0.310884,-0.292001,-0.272473,-0.252324,-0.231580,-0.210265,-0.188406,-0.166028,-0.143159,-0.119828,-0.096062,-0.071891,-0.047343,-0.022450,0.002760,0.028255,0.054003,0.079975,0.106137,0.132459,0.158908,0.185452,0.212058
0.843956,0.328668,0.337139,0.345957,0.355111,0.364592,0.374386,0.384482,0.394868,0.405530,0.416457,0.427635,0.439050,0.450688,0.462536,0.474578,0.486800,0.499186,0.511723,0.524395,0.537186,0.550081,0.563063,0.576118,0.589229,0.602380,0.615556
0.832265,-0.368135,-0.349967,-0.331103,-0.311567,-0.291382,-0.270573,-0.249166,-0.227186,-0.204661,-0.181617,-0.158083,-0.134087,-0.109659,-0.084828,-0.059626,-0.034081,-0.008226,0.017908,0.044289,0.070885,0.097664,0.124592,0.151638,0.178768,0.205949,0.233149
0.820242,0.303109,0.312855,0.322948,0.333376,0.344125,0.355184,0.366538,0.378173,0.390076,0.402232,0.414626,0.427243,0.440067,0.453084,0.466276,0.479629,0.493125,0.506749,0.520483,0.534312,0.548218,0.562183,0.576192,0.590228,0.604272,0.618308
0.807899,-0.375154,-0.355532,-0.335231,-0.314277,-0.292694,-0.270509,-0.247749,-0.224441,-0.200614,-0.176298,-0.151521,-0.126313,-0.100707,-0.074732,-0.048420,-0.021804,0.005084,0.032212,0.059546,0.087053,0.114700,0.142452,0.170277,0.198139,0.226006,0.253843
0.795248,0.278851,0.289936,0.301364,0.313122,0.325195,0.337568,0.350226,0.363154,0.376336,0.389756,0.403398,0.417245,0.431280,0.445487,0.459847,0.474343,0.488958,0.503674,0.518473,0.533336,0.548246,0.563185,0.578135,0.593076,0.607992,0.622863
0.782304,-0.384317,-0.363138,-0.341297,-0.318823,-0.295742,-0.272082,-0.247873,-0.223144,-0.197924,-0.172245,-0.146138,-0.119635,-0.092768,-0.065570,-0.038073,-0.010312,0.017679,0.045868,0.074218,0.102697,0.131268,0.159898,0.188551,0.217193,0.245788,0.274302
0.769079,0.255567,0.268060,0.280889,0.294040,0.307495,0.321238,0.335253,0.349522,0.364029,0.378754,0.393682,0.408792,0.424068,0.439489,0.455039,0.470696,0.486443,0.502261,0.518129,0.534029,0.549942,0.565847,0.581726,0.597559,0.613326,0.629010
0.755587,-0.395536,-0.372686,-0.349196,-0.325094,-0.300409,-0.275172,-0.249413,-0.223164,-0.196456,-0.169322,-0.141796,-0.113910,-0.085699,-0.057197,-0.028438,0.000541,0.029707,0.059022,0.088453,0.117962,0.147514,0.177073,0.206602,0.236067,0.265430,0.294657
0.741841,0.232968,0.246947,0.261252,0.275865,0.290769,0.305945,0.321375,0.337041,0.352923,0.369001,0.385257,0.401670,0.418221,0.434889,0.451654,0.468495,0.485392,0.502325,0.519273,0.536214,0.553129,0.569997,0.586797,0.603510,0.620113,0.636588
0.727856,-0.408780,-0.384141,-0.358883,-0.333037,-0.306635,-0.279710,-0.252294,-0.224419,-0.196122,-0.167435,-0.138394,-0.109034,-0.079391,-0.049500,-0.019400,0.010875,0.041286,0.071798,0.102372,0.132972,0.163560,0.194099,0.224551,0.254881,0.285050,0.315022
0.713645,0.210803,0.226353,0.242215,0.258370,0.274797,0.291478,0.308390,0.325515,0.342831,0.360316,0.377950,0.395711,0.413578,0.431528,0.449540,0.467592,0.485662,0.503728,0.521768,0.539759,0.557681,0.575511,0.593227,0.610807,0.628232,0.645478
0.699224,-0.424067,-0.397505,-0.370349,-0.342634,-0.314392,-0.285658,-0.256467,-0.226855,-0.196858,-0.166512,-0.135854,-0.104922,-0.073754,-0.042386,-0.010858,0.020791,0.052525,0.084303,0.116088,0.147839,0.179520,0.211090,0.242513,0.273748,0.304759,0.335508
0.684607,0.188848,0.206067,0.223579,0.241363,0.259399,0.277663,0.296133,0.314788,0.333603,0.352557,0.371626,0.390787,0.410017,0.429291,0.448588,0.467883,0.487152,0.506373,0.525521,0.544574,0.563508,0.582300,0.600928,0.619368,0.637598,0.655597
0.669808,-0.441441,-0.412809,-0.383613,-0.353888,-0.323670,-0.292996,-0.261903,-0.230429,-0.198613,-0.166493,-0.134109,-0.101499,-0.068704,-0.035764,-0.002718,0.030393,0.063529,0.096649,0.129712,0.162680,0.195511,0.228166,0.260604,0.292787,0.324675,0.356229
0.654843,0.166911,0.185906,0.205173,0.224687,0.244424,0.264362,0.284475,0.304739,0.325130,0.345621,0.366190,0.386809,0.407456,0.428103,0.448726,0.469300,0.489800,0.510200,0.530477,0.550605,0.570560,0.590317,0.609852,0.629142,0.648163,0.666892
0.639727,-0.460960,-0.430098,-0.398703,-0.366814,-0.334470,-0.301710,-0.268574,-0.235103,-0.201337,-0.167317,-0.133086,-0.098683,-0.064153,-0.029536,0.005125,0.039789,0.074412,0.108953,0.143369,0.177619,0.211661,0.245453,0.278954,0.312124,0.344922,0.377308
0.624475,0.144828,0.165722,0.186859,0.208215,0.229761,0.251474,0.273325,0.295289,0.317338,0.339446,0.361585,0.383730,0.405852,0.427925,0.449923,0.471817,0.493582,0.515191,0.536617,0.557835,0.578819,0.599543,0.619982,0.640111,0.659905,0.679341
0.609102,-0.482692,-0.449417,-0.415647,-0.381423,-0.346786,-0.311780,-0.276446,-0.240827,-0.204968,-0.168911,-0.132700,-0.096381,-0.059996,-0.023591,0.012791,0.049105,0.085306,0.121351,0.157196,0.192797,0.228111,0.263095,0.297705,0.331901,0.365640,0.398881
0.593624,0.122468,0.145398,0.168538,0.191859,0.215335,0.238934,0.262631,0.286394,0.310196,0.334006,0.357798,0.381540,0.405205,0.428763,0.452187,0.475446,0.498514,0.521361,0.543960,0.566284,0.588305,0.609997,0.631332,0.652286,0.672832,0.692946
0.578056,-0.506695,-0.470805,-0.434464,-0.397714,-0.360601,-0.323169,-0.285465,-0.247535,-0.209424,-0.171179,-0.132846,-0.094473,-0.056106,-0.017792,0.020423,0.058491,0.096367,0.134005,0.171358,0.208381,0.245030,0.281258,0.317023,0.352280,0.386987,0.421101
0.562414,0.099741,0.124859,0.150148,0.175576,0.201112,0.226726,0.252385,0.278059,0.303716,0.329326,0.354857,0.380277,0.405556,0.430664,0.455569,0.480241,0.504650,0.528767,0.552561,0.576005,0.599069,0.621725,0.643946,0.665705,0.686974,0.707729
0.546714,-0.533007,-0.494279,-0.455147,-0.415660,-0.375865,-0.335812,-0.295549,-0.255125,-0.214590,-0.173992,-0.133381,-0.092808,-0.052320,-0.011968,0.028200,0.068134,0.107786,0.147107,0.186050,0.224567,0.262611,0.300136,0.337096,0.373446,0.409142,0.444141
0.530971,0.076604,0.104082,0.131683,0.159372,0.187116,0.214882,0.242634,0.270341,0.297967,0.325479,0.352844,0.380028,0.406999,0.433723,0.460167,0.486300,0.512090,0.537505,0.562515,0.587088,0.611195,0.634807,0.657895,0.680430,0.702385,0.723734
0.515201,-0.561626,-0.519807,-0.477643,-0.435185,-0.392484,-0.349593,-0.306563,-0.263448,-0.220300,-0.177171,-0.134113,-0.091181,-0.048425,-0.005897,0.036349,0.078264,0.119796,0.160894,0.201508,0.241589,0.281088,0.319956,0.358147,0.395614,0.432311,0.468194
0.499419,0.053091,0.083117,0.113208,0.143329,0.173442,0.203510,0.233497,0.263367,0.293083,0.322609,0.351908,0.380946,0.409687,0.438095,0.466137,0.493777,0.520984,0.547722,0.573960,0.599665,0.624807,0.649355,0.673278,0.696548,0.719137,0.741016
0.483642,-0.592458,-0.547274,-0.501811,-0.456125,-0.410272,-0.364307,-0.318286,-0.272266,-0.226303,-0.180451,-0.134769,-0.089310,-0.044131,0.000714,0.045170,0.089182,0.132698,0.175664,0.218027,0.259737,0.300741,0.340992,0.380438,0.419033,0.456729,0.493481
0.467884,0.029361,0.062139,0.094914,0.127649,0.160302,0.192833,0.225204,0.257375,0.289306,0.320959,0.352294,0.383275,0.413863,0.444021,0.473712,0.502900,0.531549,0.559625,0.587093,0.613919,0.640072,0.665520,0.690230,0.714174,0.737322,0.759645
0.452161,-0.625208,-0.576361,-0.527313,-0.478125,-0.428857,-0.379568,-0.330319,-0.281170,-0.232180,-0.183409,-0.134917,-0.086763,-0.039005,0.008299,0.055090,0.101312,0.146908,0.191823,0.236003,0.279393,0.321940,0.363593,0.404301,0.444015,0.482685,0.520265
0.436490,0.005870,0.041610,0.077269,0.112804,0.148170,0.183325,0.218227,0.252832,0.287098,0.320984,0.354448,0.387450,0.419949,0.451906,0.483282,0.514038,0.544138,0.573544,0.602221,0.630133,0.657247,0.683530,0.708949,0.733474,0.757075,0.779723
0.420884,-0.658896,-0.606087,-0.553169,-0.500209,-0.447268,-0.394414,-0.341709,-0.289218,-0.237005,-0.185133,-0.133666,-0.082667,-0.032197,0.017682,0.066909,0.115424,0.163168,0.210084,0.256113,0.301199,0.345289,0.388327,0.430262,0.471043,0.510619,0.548943
0.405370,-0.015330,0.023534,0.062223,0.100689,0.138886,0.176767,0.214286,0.251398,0.288056,0.324217,0.359836,0.394870,0.429277,0.463014,0.496040,0.528315,0.559799,0.590455,0.620245,0.649133,0.677083,0.704061,0.730036,0.754974,0.778845,0.801621
0.390015,-0.690661,-0.633695,-0.576727,-0.519827,-0.463063,-0.406507,-0.350225,-0.294287,-0.238761,-0.183714,-0.129214,-0.075326,-0.022118,0.030347,0.082005,0.132793,0.182648,0.231511,0.279321,0.326020,0.371552,0.415861,0.458892,0.500594,0.540916,0.579809
0.374827,-0.034843,0.007330,0.049217,0.090768,0.131932,0.172658,0.212898,0.252602,0.291722,0.330210,0.368020,0.405104,0.441419,0.476919,0.511562,0.545306,0.578108,0.609930,0.640732,0.670478,0.699130,0.726653,0.753015,0.778183,0.802127,0.824817
0.359766,-0.730626,-0.668885,-0.607267,-0.545847,-0.484701,-0.423903,-0.363527,-0.303646,-0.244334,-0.185663,-0.127704,-0.070528,-0.014204,0.041199,0.095613,0.148972,0.201211,0.252266,0.302076,0.350579,0.397717,0.443432,0.487668,0.530371,0.571490,0.610974
0.344846,-0.061539,-0.015495,0.030133,0.075290,0.119919,0.163968,0.207382,0.250108,0.292094,0.333289,0.373644,0.413108,0.451633,0.489174,0.525683,0.561117,0.595432,0.628587,0.660541,0.691255,0.720691,0.748815,0.775592,0.800988,0.824974,0.847519
0.330082,-0.778222,-0.711017,-0.644084,-0.577505,-0.511362,-0.445735,-0.380703,-0.316346,-0.252743,-0.189971,-0.128106,-0.067224,-0.007398,0.051297,0.108791,0.165014,0.219896,0.273372,0.325376,0.375845,0.424717,0.471932,0.517434,0.561167,0.603077,0.643113
0.315488,-0.091567,-0.041142,0.008710,0.057927,0.106451,0.154221,0.201180,0.247271,0.292436,0.336622,0.379774,0.421840,0.462768,0.502509,0.541014,0.578237,0.614131,0.648654,0.681763,0.713418,0.743580,0.772213,0.799282,0.824753,0.848595,0.870781
0.301076,-0.832339,-0.758922,-0.685957,-0.613533,-0.541737,-0.470658,-0.400382,-0.330994,-0.262580,-0.195222,-0.129002,-0.064002,-0.000300,0.062026,0.122899,0.182247,0.239996,0.296077,0.350420,0.402960,0.453633,0.502377,0.549132,0.593842,0.636452,0.676910
0.286860,-0.124426,-0.069052,-0.014442,0.039339,0.092223,0.144148,0.195049,0.244865,0.293535,0.341000,0.387201,0.432083,0.475591,0.517671,0.558273,0.597347,0.634846,0.670723,0.704936,0.737442,0.768202,0.797178,0.824335,0.849640,0.873062,0.894573
0.272854,-0.892981,-0.812492,-0.732672,-0.653617,-0.575425,-0.498191,-0.422008,-0.346970,-0.273168,-0.200691,-0.129629,-0.060068,0.007908,0.074216,0.138775,0.201505,0.262332,0.321180,0.377979,0.432658,0.485151,0.535395,0.583327,0.628890,0.672029,0.712690
0.259071,-0.159976,-0.098998,-0.039015,0.019899,0.077674,0.134237,0.189522,0.243460,0.295985,0.347034,0.396544,0.444455,0.490709,0.535250,0.578022,0.618974,0.658057,0.695222,0.730424,0.763620,0.794770,0.823836,0.850782,0.875576,0.898188,0.918589
0.245523,-0.960524,-0.871951,-0.784311,-0.697712,-0.612259,-0.528056,-0.445205,-0.363809,-0.283965,-0.205771,-0.129323,-0.054713,0.017968,0.088630,0.157188,0.223559,0.287662,0.349418,0.408752,0.465592,0.519868,0.571516,0.620471,0.666673,0.710068,0.750601
0.232223,-0.198223,-0.130874,-0.064805,-0.000095,0.063176,0.124932,0.185096,0.243597,0.300362,0.355322,0.408411,0.459563,0.508717,0.555812,0.600791,0.643600,0.684186,0.722499,0.758494,0.792126,0.823354,0.852140,0.878449,0.902249,0.923512,0.942210
0.219184,-1.035621,-0.937756,-0.841151,-0.745924,-0.652191,-0.560065,-0.469659,-0.381084,-0.294446,-0.209853,-0.127406,-0.047206,0.030649,0.106065,0.178948,0.249211,0.316769,0.381537,0.443439,0.502398,0.558342,0.611204,0.660919,0.707426,0.750669,0.790595
0.206417,-0.239282,-0.164651,-0.091651,-0.020370,0.049105,0.116689,0.182300,0.245857,0.307284,0.366505,0.423449,0.478046,0.530230,0.579936,0.627105,0.671678,0.713602,0.752826,0.789302,0.822984,0.853834,0.881811,0.906884,0.929020,0.948193,0.964381
0.193935,-1.119216,-1.010600,-0.903649,-0.798494,-0.695262,-0.594080,-0.495070,-0.398353,-0.304048,-0.212268,-0.123125,-0.036730,0.046815,0.127406,0.204945,0.279338,0.350495,0.418328,0.482756,0.543699,0.601083,0.654838,0.704900,0.751206,0.793700,0.832332
0.181749,-0.283372,-0.200362,-0.119421,-0.040647,0.035863,0.110017,0.181724,0.250896,0.317450,0.381305,0.442382,0.500607,0.555909,0.608221,0.657479,0.703623,0.746597,0.786349,0.822830,0.855995,0.885805,0.912222,0.935215,0.954756,0.970821,0.983390
0.169871,-1.212611,-1.091453,-0.972469,-0.855803,-0.741598,-0.629992,-0.521123,-0.415122,-0.312119,-0.212239,-0.115604,-0.022332,0.067465,0.153675,0.236195,0.314924,0.389766,0.460629,0.527427,0.590080,0.648510,0.702647,0.752424,0.797781,0.838663,0.875019
0.158312,-0.330835,-0.238106,-0.148000,-0.060624,0.023913,0.105509,0.184065,0.259484,0.331676,0.400551,0.466027,0.528023,0.586463,0.641278,0.692399,0.739765,0.783317,0.823003,0.858775,0.890588,0.918405,0.942191,0.961917,0.977559,0.989098,0.996520
0.147083,-1.317574,-1.181640,-1.048525,-0.918392,-0.791400,-0.667703,-0.547452,-0.430794,-0.317870,-0.208818,-0.103772,-0.002858,0.093800,0.186084,0.273881,0.357086,0.435596,0.509316,0.578156,0.642032,0.700867,0.754588,0.803130,0.846435,0.884449,0.917125
0.136195,-0.382164,-0.278055,-0.177274,-0.079945,0.013815,0.103890,0.190172,0.272554,0.350937,0.425226,0.495329,0.561161,0.622642,0.679697,0.732257,0.780257,0.823640,0.862351,0.896345,0.925579,0.950019,0.969633,0.984399,0.994299,0.999319,0.999455
0.125659,-1.436482,-1.282938,-1.133047,-0.986991,-0.844947,-0.707089,-0.573584,-0.444597,-0.320282,-0.200793,-0.086275,0.023134,0.127299,0.226094,0.319398,0.407097,0.489086,0.565263,0.635536,0.699820,0.758036,0.810113,0.855988,0.895605,0.928915,0.955878
0.115485,-0.438036,-0.320449,-0.207108,-0.098150,0.006291,0.106089,0.201122,0.291275,0.376436,0.456503,0.531378,0.600970,0.665193,0.723971,0.777230,0.824907,0.866943,0.903287,0.933894,0.958728,0.977758,0.990961,0.998320,0.999828,0.995481,0.985286
0.105683,-1.572529,-1.397717,-1.227646,-1.062525,-0.902554,-0.747929,-0.598837,-0.455461,-0.317976,-0.186548,-0.061338,0.057502,0.169827,0.275499,0.374391,0.466382,0.551359,0.629219,0.699868,0.763219,0.819195,0.867728,0.908758,0.942237,0.968122,0.986382
0.096262,-0.499343,-0.365585,-0.237284,-0.114596,0.002331,0.113353,0.218335,0.317150,0.409676,0.495802,0.575422,0.648440,0.714766,0.774319,0.827028,0.872827,0.911661,0.943482,0.968253,0.985942,0.996529,0.999999,0.996350,0.985585,0.967718,0.942770
0.087233,-1.729989,-1.529083,-1.334374,-1.146099,-0.964488,-0.789763,-0.622135,-0.461810,-0.308983,-0.163839,-0.026556,0.102700,0.223769,0.336506,0.440773,0.536443,0.623398,0.701534,0.770755,0.830977,0.882126,0.924139,0.956967,0.980569,0.994916,0.999990
0.078603,-0.567193,-0.413742,-0.267380,-0.128285,0.003373,0.127434,0.243747,0.352170,0.452570,0.544827,0.628826,0.704467,0.771656,0.830313,0.880364,0.921751,0.954421,0.978335,0.993465,0.999791,0.997306,0.986013,0.965925,0.937068,0.899477,0.853196
0.070383,-1.914520,-1.681028,-1.455720,-1.238871,-1.030745,-0.831594,-0.641663,-0.461181,-0.290370,-0.129438,0.021421,0.162021,0.292192,0.411775,0.520624,0.618607,0.705604,0.781509,0.846230,0.899688,0.941818,0.972568,0.991902,0.999795,0.996237,0.981234
0.062580,-0.642825,-0.464989,-0.296499,-0.137558,0.011639,0.150911,0.280088,0.399012,0.507539,0.605536,0.692884,0.769477,0.835221,0.890036,0.933856,0.966627,0.988309,0.998875,0.998314,0.986625,0.963822,0.929934,0.885002,0.829081,0.762238,0.684555
0.055203,-2.133412,-1.858417,-1.594391,-1.341655,-1.100517,-0.871270,-0.654194,-0.449553,-0.257597,-0.078560,0.087341,0.239903,0.378941,0.504284,0.615780,0.713294,0.796706,0.865916,0.920838,0.961406,0.987570,0.999298,0.996577,0.979409,0.947815,0.901834
0.048259,-0.727248,-0.518692,-0.322686,-0.139469,0.030735,0.187720,0.331294,0.461282,0.577526,0.679884,0.768231,0.842460,0.902480,0.948219,0.979620,0.996645,0.999274,0.987503,0.961347,0.920837,0.866024,0.796972,0.713768,0.616512,0.505322,0.380334
0.041757,-2.395368,-2.066406,-1.752432,-1.453828,-1.170959,-0.904168,-0.653781,-0.420102,-0.203418,-0.003990,0.177936,0.342141,0.488423,0.616605,0.726530,0.818065,0.891098,0.945539,0.981324,0.998407,0.996768,0.976410,0.937357,0.879657,0.803379,0.708617
0.035702,-0.820117,-0.572246,-0.341626,-0.128537,0.066761,0.244029,0.403053,0.543638,0.665612,0.768828,0.853160,0.918504,0.964782,0.991936,0.999934,0.988767,0.958446,0.909011,0.840520,0.753057,0.646729,0.521666,0.378019,0.215964,0.035697,-0.162560
0.030102,-2.708463,-2.307985,-1.928488,-1.570433,-1.234257,-0.920369,-0.629152,-0.360961,-0.116122,0.105066,0.302334,0.475441,0.624177,0.748361,0.847840,0.922495,0.972233,0.996995,0.996750,0.971498,0.921271,0.846129,0.746163,0.621497,0.472282,0.298698
0.024964,-0.916449,-0.617886,-0.343691,-0.094198,0.130289,0.329497,0.503183,0.651135,0.773173,0.869148,0.938944,0.982476,0.999689,0.990565,0.955112,0.893376,0.805430,0.691383,0.551372,0.385569,0.194176,-0.022575,-0.264418,-0.531060,-0.822176,-1.137410
0.020292,-3.071926,-2.575793,-2.109848,-1.674658,-1.270754,-0.898628,-0.558734,-0.251484,0.022746,0.263622,0.470851,0.644180,0.783398,0.888336,0.958865,0.994901,0.996398,0.963355,0.895812,0.793852,0.657599,0.487218,0.282918,0.044947,-0.226405,-0.530807
0.016092,-0.997476,-0.634753,-0.307451,-0.015971,0.239332,0.458148,0.640211,0.785297,0.893231,0.963881,0.997160,0.993029,0.951493,0.872601,0.756450,0.603182,0.412983,0.186085,-0.077236,-0.376658,-0.711817,-1.082304,-1.487669,-1.927417,-2.401013,-2.907879
0.012370,-3.448900,-2.827622,-2.250896,-1.719426,-1.233859,-0.794787,-0.402744,-0.058208,0.238401,0.486721,0.686450,0.837345,0.939222,0.991957,0.995485,0.949803,0.854965,0.711088,0.518347,0.276976,-0.012730,-0.350419,-0.735679,-1.168040,-1.646976,-2.171903
0.009129,-1.007606,-0.571396,-0.187718,0.142961,0.420237,0.643774,0.813298,0.928603,0.989548,0.996060,0.948131,0.845818,0.689246,0.478607,0.214156,-0.103783,-0.474824,-0.898515,-1.374339,-1.901717,-2.480006,-3.108501,-3.786437,-4.512988,-5.287269,-6.108336
0.006374,-3.692179,-2.925568,-2.225121,-1.591690,-1.026046,-0.528880,-0.100797,0.257682,0.546119,0.764164,0.911551,0.988100,0.993718,0.928398,0.792219,0.585348,0.308037,-0.039377,-0.456470,-0.942734,-1.497577,-2.120322,-2.810212,-3.566404,-4.387979,-5.273935
0.004109,-0.816186,-0.324869,0.089791,0.427287,0.687210,0.869242,0.973162,0.998843,0.946254,0.815459,0.606616,0.319982,-0.044096,-0.485173,-1.002713,-1.596084,-2.264564,-3.007338,-3.823501,-4.712060,-5.671931,-6.701944,-7.800846,-8.967297,-10.199876,-11.497081
0.002337,-3.433775,-2.562995,-1.785398,-1.101933,-0.513431,-0.020611,0.375929,0.675703,0.878349,0.983618,0.991381,0.901631,0.714476,0.430144,0.048981,-0.428548,-1.001861,-1.670259,-2.432930,-3.288942,-4.237254,-5.276710,-6.406043,-7.623878,-8.928731,-10.319012
0.001059,-0.261159,0.193593,0.547453,0.799989,0.950894,0.999983,0.947198,0.792602,0.536383,0.178855,-0.279548,-0.838267,-1.496622,-2.253810,-3.108908,-4.060876,-5.108552,-6.250661,-7.485812,-8.812499,-10.229105,-11.733906,-13.325068,-15.000651,-16.758616,-18.596819
0.000279,-2.295289,-1.488282,-0.793147,-0.210730,0.258259,0.613248,0.853805,0.979637,0.990591,0.886653,0.667949,0.334747,-0.112548,-0.673390,-1.347097,-2.132848,-3.029685,-4.036516,-5.152114,-6.375119,-7.704043,-9.137265,-10.673040,-12.309496,-14.044640,-15.876357
0.000000,0.500634,0.775559,0.942063,0.999943,0.949127,0.789679,0.521792,0.145793,-0.337861,-0.928579,-1.625643,-2.428203,-3.335281,-4.345772,-5.458444,-6.671944,-7.984791,-9.395386,-10.902011,-12.502830,-14.195893,-15.979137,-17.850390,-19.807371,-21.847697,-23.968881
0.000227,-0.773724,-0.205364,0.254135,0.604213,0.844444,0.974536,0.994329,0.903800,0.703059,0.392351,-0.027947,-0.557321,-1.195127,-1.940588,-2.792796,-3.750711,-4.813169,-5.978872,-7.246403,-8.614216,-10.080644,-11.643902,-13.302084,-15.053171,-16.895028,-18.825413
0.000962,0.953823,0.999996,0.952056,0.810062,0.574186,0.244715,-0.177948,-0.693289,-1.300681,-1.999382,-2.788542,-3.667200,-4.634284,-5.688617,-6.828914,-8.053786,-9.361741,-10.751184,-12.220423,-13.767668,-15.391035,-17.088544,-18.858128,-20.697632,-22.604813,-24.577349
0.002205,0.357499,0.647699,0.851500,0.968654,0.999019,0.942558,0.799339,0.569537,0.253432,-0.148592,-0.636043,-1.208329,-1.864752,-2.604512,-3.426708,-4.330339,-5.314303,-6.377401,-7.518339,-8.735726,-10.028080,-11.393824,-12.831297,-14.338746,-15.914334,-17.556143
0.003956,0.958530,0.847896,0.667934,0.418865,0.100993,-0.285297,-0.739532,-1.261160,-1.849545,-2.503970,-3.223638,-4.007672,-4.855117,-5.764941,-6.736034,-7.767214,-8.857224,-10.004737,-11.208355,-12.466610,-13.777970,-15.140837,-16.553552,-18.014392,-19.521577,-21.073273
0.006214,0.868578,0.965093,0.999877,0.972887,0.884157,0.733794,0.521982,0.248979,-0.084882,-0.479196,-0.933481,-1.447184,-2.019679,-2.650268,-3.338184,-4.082588,-4.882573,-5.737165,-6.645322,-7.605938,-8.617843,-9.679804,-10.790526,-11.948657,-13.152785,-14.401445
0.008978,0.751310,0.571464,0.343307,0.067118,-0.256767,-0.627953,-1.045988,-1.510364,-2.020513,-2.575814,-3.175592,-3.819114,-4.505598,-5.234207,-6.004052,-6.814197,-7.663654,-8.551388,-9.476317,-10.437316,-11.433212,-12.462793,-13.524803,-14.617951,-15.740902,-16.892290
0.012246,0.998199,0.989011,0.936465,0.840624,0.701605,0.519578,0.294764,0.027438,-0.282075,-0.633398,-1.026103,-1.459711,-1.933695,-2.447476,-3.000428,-3.591879,-4.221107,-4.887346,-5.589784,-6.327565,-7.099790,-7.905519,-8.743770,-9.613522,-10.513714,-11.443251
0.016014,0.515107,0.315478,0.082003,-0.185036,-0.485313,-0.818460,-1.184074,-1.581708,-2.010877,-2.471060,-2.961695,-3.482184,-4.031894,-4.610154,-5.216261,-5.849475,-6.509025,-7.194109,-7.903890,-8.637504,-9.394057,-10.172629,-10.972269,-11.792004,-12.630836,-13.487741
0.020281,0.965395,0.903399,0.810344,0.686345,0.531551,0.346152,0.130372,-0.115523,-0.391237,-0.696431,-1.030735,-1.393741,-1.785007,-2.204056,-2.650378,-3.123428,-3.622632,-4.147379,-4.697032,-5.270920,-5.868344,-6.488576,-7.130861,-7.794416,-8.478433,-9.182078
0.025042,0.309413,0.111402,-0.110930,-0.357313,-0.627445,-0.920999,-1.237616,-1.576911,-1.938470,-2.321853,-2.726593,-3.152196,-3.598144,-4.063894,-4.548878,-5.052505,-5.574162,-6.113214,-6.669003,-7.240852,-7.828065,-8.429926,-9.045702,-9.674642,-10.315982,-10.968938
0.030294,0.875815,0.788623,0.678538,0.545694,0.390253,0.212404,0.012365,-0.209622,-0.453286,-0.718330,-1.004430,-1.311239,-1.638383,-1.985462,-2.352055,-2.737715,-3.141971,-3.564331,-4.004281,-4.461285,-4.934785,-5.424205,-5.928949,-6.448401,-6.981930,-7.528884
0.036031,0.141899,-0.046403,-0.252670,-0.476652,-0.718076,-0.976647,-1.252051,-1.543951,-1.851993,-2.175801,-2.514981,-2.869118,-3.237783,-3.620525,-4.016879,-4.426361,-4.848472,-5.282699,-5.728512,-6.185368,-6.652710,-7.129970,-7.616565,-8.111903,-8.615380,-9.126383
0.042249,0.772197,0.673931,0.558323,0.425513,0.275664,0.108958,-0.074402,-0.274192,-0.490170,-0.722071,-0.969614,-1.232496,-1.510398,-1.802981,-2.109888,-2.430746,-2.765163,-3.112733,-3.473031,-3.845619,-4.230043,-4.625834,-5.032511,-5.449577,-5.876525,-6.312835
0.048942,0.006924,-0.169174,-0.358870,-0.561932,-0.778113,-1.007150,-1.248764,-1.502660,-1.768529,-2.046047,-2.334876,-2.634664,-2.945046,-3.265643,-3.596066,-3.935911,-4.284764,-4.642201,-5.007786,-5.381073,-5.761608,-6.148928,-6.542559,-6.942023,-7.346833,-7.756496
0.056103,0.670743,0.568741,0.453292,0.324537,0.182632,0.027751,-0.139918,-0.320171,-0.512787,-0.717533,-0.934159,-1.162400,-1.401979,-1.652604,-1.913970,-2.185758,-2.467637,-2.759263,-3.060282,-3.370326,-3.689018,-4.015970,-4.350783,-4.693049,-5.042351,-5.398264
0.063726,-0.102557,-0.266200,-0.440339,-0.624762,-0.819244,-1.023548,-1.237425,-1.460614,-1.692844,-1.933832,-2.183284,-2.440896,-2.706354,-2.979335,-3.259507,-3.546527,-3.840047,-4.139708,-4.445146,-4.755988,-5.071856,-5.392364,-5.717124,-6.045737,-6.377806,-6.712924
0.071804,0.577169,0.475328,0.362861,0.239906,0.106611,-0.036860,-0.190332,-0.353619,-0.526523,-0.708831,-0.900322,-1.100763,-1.309909,-1.527507,-1.753289,-1.986983,-2.228302,-2.476953,-2.732632,-2.995029,-3.263824,-3.538689,-3.819289,-4.105282,-4.396321,-4.692049
0.080327,-0.192275,-0.344057,-0.504063,-0.672100,-0.847962,-1.031434,-1.222294,-1.420309,-1.625238,-1.836831,-2.054830,-2.278969,-2.508976,-2.744570,-2.985465,-3.231366,-3.481975,-3.736985,-3.996086,-4.258963,-4.525295,-4.794758,-5.067023,-5.341759,-5.618630,-5.897301
0.089289,0.493114,0.393536,0.285436,0.168944,0.044203,-0.088635,-0.229409,-0.377947,-0.534067,-0.697581,-0.868288,-1.045981,-1.230443,-1.421449,-1.618767,-1.822156,-2.031369,-2.246150,-2.466238,-2.691365,-2.921256,-3.155632,-3.394206,-3.636689,-3.882784,-4.132192
0.098680,-0.266436,-0.407215,-0.554510,-0.708142,-0.867924,-1.033662,-1.205153,-1.382188,-1.564551,-1.752021,-1.944370,-2.141362,-2.342758,-2.548312,-2.757774,-2.970889,-3.187397,-3.407034,-3.629533,-3.854622,-4.082028,-4.311474,-4.542679,-4.775362,-5.009240,-5.244027
0.108490,0.418667,0.322490,0.219397,0.109514,-0.007026,-0.130079,-0.259497,-0.395121,-0.536787,-0.684322,-0.837546,-0.996272,-1.160307,-1.329452,-1.503499,-1.682237,-1.865449,-2.052911,-2.244394,-2.439666,-2.638488,-2.840619,-3.045811,-3.253815,-3.464378,-3.677243
0.118710,-0.328041,-0.458707,-0.594573,-0.735474,-0.881239,-1.031690,-1.186644,-1.345911,-1.509299,-1.676607,-1.847632,-2.022165,-2.199995,-2.380904,-2.564671,-2.751074,-2.939885,-3.130873,-3.323806,-3.518450,-3.714566,-3.911917,-4.110261,-4.309357,-4.508962,-4.708833
0.129329,0.353369,0.261193,0.163357,0.059980,-0.048813,-0.162888,-0.282107,-0.406324,-0.535388,-0.669142,-0.807424,-0.950063,-1.096887,-1.247717,-1.402369,-1.560655,-1.722381,-1.887351,-2.055364,-2.226215,-2.399695,-2.575594,-2.753697,-2.933788,-3.115646,-3.299050
0.140336,-0.379231,-0.500616,-0.626167,-0.755732,-0.889153,-1.026267,-1.166907,-1.310903,-1.458078,-1.608253,-1.761246,-1.916870,-2.074934,-2.235248,-2.397615,-2.561837,-2.727715,-2.895046,-3.063627,-3.233252,-3.403714,-3.574806,-3.746320,-3.918046,-4.089774,-4.261297
0.151719,0.296605,0.208728,0.116188,0.019100,-0.082419,-0.188244,-0.298248,-0.412296,-0.530248,-0.651962,-0.777289,-0.906076,-1.038167,-1.173400,-1.311611,-1.452631,-1.596289,-1.742409,-1.890814,-2.041322,-2.193751,-2.347914,-2.503624,-2.660691,-2.818923,-2.978129
0.163467,-0.421558,-0.534409,-0.650599,-0.769989,-0.892431,-1.017778,-1.145876,-1.276569,-1.409698,-1.545100,-1.682612,-1.822065,-1.963289,-2.106113,-2.250362,-2.395860,-2.542431,-2.689896,-2.838075,-2.986787,-3.135851,-3.285087,-3.434311,-3.583342,-3.731999,-3.880101
0.175567,0.247757,0.164296,0.076980,-0.014083,-0.108784,-0.207007,-0.308632,-0.413535,-0.521588,-0.632661,-0.746617,-0.863317,-0.982621,-1.104381,-1.228450,-1.354677,-1.482908,-1.612987,-1.744754,-1.878051,-2.012713,-2.148578,-2.285479,-2.423250,-2.561723,-2.700730
0.188006,-0.456174,-0.561151,-0.668798,-0.778983,-0.891573,-1.006431,-1.123416,-1.242385,-1.363195,-1.485698,-1.609744,-1.735182,-1.861860,-1.989623,-2.118316,-2.247781,-2.377862,-2.508399,-2.639233,-2.770206,-2.901157,-3.031927,-3.162357,-3.292287,-3.421560,-3.550018
0.200772,0.206248,0.127217,0.044992,-0.040326,-0.128634,-0.219824,-0.313784,-0.410401,-0.509557,-0.611131,-0.714998,-0.821033,-0.929107,-1.039087,-1.150840,-1.264230,-1.379118,-1.495364,-1.612827,-1.731364,-1.850830,-1.971080,-2.091967,-2.213344,-2.335063,-2.456976
0.213849,-0.483956,-0.581641,-0.681445,-0.783248,-0.886925,-0.992349,-1.099393,-1.207927,-1.317817,-1.428929,-1.541130,-1.654281,-1.768246,-1.882884,-1.998057,-2.113624,-2.229444,-2.345377,-2.461281,-2.577014,-2.692436,-2.807407,-2.921785,-3.035432,-3.148210,-3.259980
0.227225,0.171562,0.096910,0.019612,-0.060239,-0.142545,-0.227206,-0.314118,-0.403177,-0.494272,-0.587294,-0.682130,-0.778662,-0.876775,-0.976348,-1.077260,-1.179388,-1.282607,-1.386793,-1.491818,-1.597553,-1.703871,-1.810642,-1.917735,-2.025020,-2.132366,-2.239643
0.240885,-0.505592,-0.596496,-0.689065,-0.783184,-0.878740,-0.975616,-1.073694,-1.172855,-1.272977,-1.373939,-1.475618,-1.577889,-1.680629,-1.783712,-1.887012,-1.990404,-2.093762,-2.196959,-2.299870,-2.402370,-2.504333,-2.605636,-2.706155,-2.805768,-2.904353,-3.001790
0.254814,0.143242,0.072881,0.000330,-0.074321,-0.150984,-0.229563,-0.309963,-0.392087,-0.475834,-0.561102,-0.647788,-0.735785,-0.824986,-0.915284,-1.006567,-1.098725,-1.191645,-1.285214,-1.379318,-1.473843,-1.568673,-1.663692,-1.758786,-1.853838,-1.948732,-2.043353
0.268997,-0.521622,-0.606200,-0.692061,-0.779100,-0.867211,-0.956288,-1.046221,-1.136900,-1.228216,-1.320058,-1.412312,-1.504867,-1.597611,-1.690429,-1.783209,-1.875839,-1.968204,-2.060193,-2.151694,-2.242594,-2.332784,-2.422153,-2.510593,-2.597995,-2.684254,-2.769264
0.283418,0.120897,0.054716,-0.013271,-0.082979,-0.154325,-0.227222,-0.301580,-0.377310,-0.454318,-0.532512,-0.611795,-0.692072,-0.773243,-0.855212,-0.937877,-1.021138,-1.104893,-1.189041,-1.273478,-1.358103,-1.442812,-1.527501,-1.612068,-1.696409,-1.780423,-1.864005
0.298063,-0.532461,-0.611115,-0.690730,-0.771212,-0.852461,-0.934378,-1.016865,-1.099819,-1.183141,-1.266729,-1.350480,-1.434293,-1.518066,-1.601696,-1.685082,-1.768123,-1.850716,-1.932761,-2.014159,-2.094811,-2.174617,-2.253481,-2.331306,-2.407998,-2.483464,-2.557611
0.312916,0.104217,0.042094,-0.021509,-0.086514,-0.152842,-0.220412,-0.289143,-0.358949,-0.429747,-0.501450,-0.573970,-0.647219,-0.721109,-0.795548,-0.870447,-0.945713,-1.021256,-1.096983,-1.172802,-1.248621,-1.324347,-1.399888,-1.475152,-1.550047,-1.624483,-1.698367
0.327959,-0.538373,-0.611457,-0.685233,-0.759611,-0.834501,-0.909810,-0.985448,-1.061322,-1.137340,-1.213409,-1.289436,-1.365329,-1.440996,-1.516344,-1.591281,-1.665717,-1.739559,-1.812720,-1.885108,-1.956637,-2.027218,-2.096767,-2.165198,-2.232428,-2.298374,-2.362958
0.343178,0.093028,0.034842,-0.024548,-0.085069,-0.146646,-0.209205,-0.272670,-0.336964,-0.402007,-0.467721,-0.534026,-0.600841,-0.668084,-0.735674,-0.803528,-0.871564,-0.939698,-1.007848,-1.075931,-1.143863,-1.211563,-1.278947,-1.345933,-1.412440,-1.478386,-1.543692
0.358555,-0.539353,-0.607175,-0.675460,-0.744123,-0.813082,-0.882253,-0.951550,-1.020890,-1.090188,-1.159360,-1.228321,-1.296988,-1.365276,-1.433103,-1.500386,-1.567043,-1.632993,-1.698155,-1.762450,-1.825800,-1.888128,-1.949356,-2.009412,-2.068222,-2.125714,-2.181818
0.374074,0.087500,0.033145,-0.022177,-0.078399,-0.135451,-0.193264,-0.251768,-0.310892,-0.370564,-0.430710,-0.491258,-0.552133,-0.613262,-0.674571,-0.735983,-0.797426,-0.858823,-0.920100,-0.981182,-1.041996,-1.102466,-1.162519,-1.222082,-1.281082,-1.339448,-1.397109
0.389718,-0.534418,-0.597209,-0.660266,-0.723514,-0.786874,-0.850271,-0.913626,-0.976862,-1.039903,-1.102671,-1.165090,-1.227085,-1.288579,-1.349497,-1.409766,-1.469311,-1.528061,-1.585944,-1.642889,-1.698827,-1.753690,-1.807410,-1.859923,-1.911165,-1.961073,-2.009585
0.405419,0.090875,0.040373,-0.010895,-0.062865,-0.115474,-0.168659,-0.222353,-0.276492,-0.331011,-0.385842,-0.440918,-0.496173,-0.551539,-0.606949,-0.662336,-0.717631,-0.772767,-0.827678,-0.882296,-0.936555,-0.990389,-1.043732,-1.096519,-1.148685,-1.200169,-1.250905
0.421150,-0.523009,-0.580923,-0.638937,-0.696981,-0.754983,-0.812873,-0.870580,-0.928034,-0.985165,-1.041903,-1.098180,-1.153926,-1.209074,-1.263557,-1.317308,-1.370262,-1.422354,-1.473520,-1.523700,-1.572830,-1.620852,-1.667706,-1.713337,-1.757687,-1.800704,-1.842335
0.436949,0.095168,0.048182,0.000600,-0.047519,-0.096116,-0.145132,-0.194508,-0.244183,-0.294097,-0.344189,-0.394398,-0.444663,-0.494922,-0.545114,-0.595179,-0.645055,-0.694682,-0.743998,-0.792944,-0.841461,-0.889488,-0.936968,-0.983843,-1.030056,-1.075550,-1.120270
0.452810,-0.514325,-0.567959,-0.621554,-0.675047,-0.728370,-0.781460,-0.834251,-0.886680,-0.938682,-0.990195,-1.041154,-1.091499,-1.141168,-1.190100,-1.238236,-1.285517,-1.331886,-1.377286,-1.421661,-1.464959,-1.507125,-1.548108,-1.587859,-1.626330,-1.663473,-1.699242
0.468715,0.099228,0.055422,0.011166,-0.033488,-0.078485,-0.123769,-0.169287,-0.214981,-0.260798,-0.306680,-0.352573,-0.398419,-0.444164,-0.489751,-0.535125,-0.580230,-0.625013,-0.669417,-0.713390,-0.756877,-0.799825,-0.842183,-0.883898,-0.924920,-0.965199,-1.004685
0.484649,-0.506367,-0.556087,-0.605651,-0.654999,-0.704070,-0.752806,-0.801145,-0.849031,-0.896403,-0.943205,-0.989380,-1.034871,-1.079623,-1.123581,-1.166691,-1.208902,-1.250162,-1.290420,-1.329628,-1.367737,-1.404702,-1.440477,-1.475019,-1.508285,-1.540235,-1.570830
0.500595,0.104533,0.063680,0.022499,-0.018960,-0.060646,-0.102510,-0.144499,-0.186563,-0.228651,-0.270710,-0.312691,-0.354541,-0.396210,-0.437646,-0.478801,-0.519623,-0.560062,-0.600070,-0.639597,-0.678596,-0.717019,-0.754818,-0.791949,-0.828366,-0.864024,-0.898881
0.516536,-0.498486,-0.544584,-0.590426,-0.635956,-0.681118,-0.725856,-0.770118,-0.813848,-0.856993,-0.899501,-0.941320,-0.982398,-1.022687,-1.062137,-1.100700,-1.138328,-1.174977,-1.210600,-1.245156,-1.278602,-1.310896,-1.342001,-1.371877,-1.400489,-1.427801,-1.453781
0.532458,0.111278,0.073185,0.034870,-0.003621,-0.042242,-0.080945,-0.119684,-0.158410,-0.197078,-0.235639,-0.274047,-0.312255,-0.350217,-0.387885,-0.425215,-0.462161,-0.498677,-0.534720,-0.570245,-0.605209,-0.639570,-0.673286,-0.706315,-0.738617,-0.770153,-0.800885
0.548342,-0.490564,-0.533292,-0.575678,-0.617668,-0.659212,-0.700260,-0.740761,-0.780665,-0.819926,-0.858493,-0.896321,-0.933364,-0.969576,-1.004913,-1.039332,-1.072792,-1.105251,-1.136669,-1.167010,-1.196235,-1.224309,-1.251198,-1.276869,-1.301290,-1.324433,-1.346269
0.564174,0.119482,0.083981,0.048347,0.012623,-0.023146,-0.058917,-0.094647,-0.130292,-0.165809,-0.201154,-0.236284,-0.271157,-0.305730,-0.339961,-0.373808,-0.407230,-0.440186,-0.472637,-0.504542,-0.535862,-0.566561,-0.596599,-0.625941,-0.654551,-0.682393,-0.709435
0.579937,-0.482618,-0.522196,-0.561357,-0.600052,-0.638234,-0.675857,-0.712875,-0.749242,-0.784915,-0.819849,-0.854003,-0.887335,-0.919803,-0.951370,-0.981995,-1.011643,-1.040276,-1.067859,-1.094360,-1.119746,-1.143986,-1.167050,-1.188911,-1.209541,-1.228916,-1.247012
0.595615,0.129129,0.096065,0.062946,0.029812,-0.003296,-0.036339,-0.069275,-0.102065,-0.134670,-0.167048,-0.199161,-0.230969,-0.262435,-0.293518,-0.324183,-0.354390,-0.384104,-0.413289,-0.441908,-0.469926,-0.497311,-0.524027,-0.550044,-0.575328,-0.599850,-0.623579
0.611192,-0.474705,-0.511330,-0.547472,-0.583087,-0.618133,-0.652566,-0.686344,-0.719426,-0.751772,-0.783343,-0.814100,-0.844005,-0.873022,-0.901116,-0.928253,-0.954399,-0.979523,-1.003593,-1.026582,-1.048459,-1.069200,-1.088779,-1.107172,-1.124356,-1.140310,-1.155016
0.626652,0.140203,0.109437,0.078682,0.047976,0.017357,-0.013140,-0.043476,-0.073615,-0.103520,-0.133154,-0.162481,-0.191466,-0.220074,-0.248268,-0.276016,-0.303283,-0.330036,-0.356243,-0.381871,-0.406889,-0.431268,-0.454976,-0.477986,-0.500268,-0.521797,-0.542546
0.641980,-0.466897,-0.500742,-0.534049,-0.566777,-0.598886,-0.630337,-0.661092,-0.691113,-0.720363,-0.748808,-0.776411,-0.803140,-0.828963,-0.853847,-0.877762,-0.900679,-0.922571,-0.943410,-0.963171,-0.981831,-0.999366,-1.015755,-1.030978,-1.045016,-1.057853,-1.069473
0.657161,0.152705,0.124110,0.095582,0.067157,0.038869,0.010753,-0.017158,-0.044829,-0.072226,-0.099316,-0.126066,-0.152444,-0.178417,-0.203953,-0.229023,-0.253594,-0.277637,-0.301123,-0.324023,-0.346310,-0.367955,-0.388934,-0.409219,-0.428787,-0.447614,-0.465676
0.672178,-0.459266,-0.490489,-0.521126,-0.551138,-0.580489,-0.609144,-0.637067,-0.664225,-0.690584,-0.716112,-0.740778,-0.764553,-0.787407,-0.809312,-0.830242,-0.850170,-0.869074,-0.886929,-0.903715,-0.919410,-0.933996,-0.947454,-0.959768,-0.970924,-0.980908,-0.989707
0.687018,0.166663,0.140120,0.113693,0.087414,0.061315,0.035428,0.009784,-0.015585,-0.040648,-0.065376,-0.089737,-0.113703,-0.137243,-0.160330,-0.182935,-0.205030,-0.226589,-0.247586,-0.267994,-0.287790,-0.306948,-0.325445,-0.343260,-0.360370,-0.376754,-0.392393
0.701664,-0.451889,-0.480631,-0.508744,-0.536194,-0.562947,-0.588971,-0.614234,-0.638706,-0.662355,-0.685155,-0.707076,-0.728092,-0.748178,-0.767309,-0.785462,-0.802614,-0.818745,-0.833835,-0.847866,-0.860820,-0.872682,-0.883438,-0.893074,-0.901578,-0.908941,-0.915153
0.716104,0.182129,0.157530,0.133087,0.108830,0.084789,0.060993,0.037471,0.014251,-0.008638,-0.031168,-0.053312,-0.075043,-0.096335,-0.117161,-0.137496,-0.157315,-0.176594,-0.195310,-0.213440,-0.230962,-0.247854,-0.264096,-0.279668,-0.294551,-0.308727,-0.322179
0.730321,-0.444849,-0.471237,-0.496959,-0.521985,-0.546283,-0.569825,-0.592581,-0.614523,-0.635626,-0.655863,-0.675209,-0.693642,-0.711138,-0.727676,-0.743237,-0.757800,-0.771349,-0.783867,-0.795339,-0.805750,-0.815089,-0.823342,-0.830502,-0.836558,-0.841504,-0.845333
0.744302,0.199184,0.176428,0.153861,0.131512,0.109408,0.087575,0.066040,0.044829,0.023969,0.003484,-0.016600,-0.036260,-0.055470,-0.074208,-0.092451,-0.110176,-0.127363,-0.143989,-0.160035,-0.175482,-0.190309,-0.204501,-0.218038,-0.230905,-0.243086,-0.254565
0.758033,-0.438244,-0.462393,-0.485844,-0.508569,-0.530541,-0.551733,-0.572119,-0.591674,-0.610374,-0.628197,-0.645121,-0.661125,-0.676190,-0.690297,-0.703430,-0.715571,-0.726707,-0.736824,-0.745910,-0.753952,-0.760943,-0.766873,-0.771734,-0.775522,-0.778231,-0.779858
0.771500,0.217939,0.196931,0.176140,0.155591,0.135311,0.115322,0.095650,0.076319,0.057352,0.038772,0.020602,0.002863,-0.014421,-0.031231,-0.047546,-0.063345,-0.078610,-0.093323,-0.107465,-0.121018,-0.133967,-0.146296,-0.157989,-0.169033,-0.179414,-0.189119
0.784690,-0.432198,-0.454211,-0.475498,-0.496035,-0.515796,-0.534757,-0.552896,-0.570190,-0.586617,-0.602159,-0.616796,-0.630510,-0.643285,-0.655105,-0.665955,-0.675823,-0.684696,-0.692563,-0.699416,-0.705245,-0.710043,-0.713805,-0.716527,-0.718204,-0.718834,-0.718418
0.797591,0.238535,0.219186,0.200076,0.181228,0.162665,0.144409,0.126484,0.108910,0.091709,0.074903,0.058511,0.042553,0.027050,0.012019,-0.002520,-0.016550,-0.030055,-0.043017,-0.055421,-0.067251,-0.078494,-0.089135,-0.099162,-0.108562,-0.117324,-0.125437
0.810188,-0.426877,-0.446847,-0.466068,-0.484517,-0.502171,-0.519009,-0.535011,-0.550156,-0.564427,-0.577806,-0.590277,-0.601825,-0.612435,-0.622095,-0.630792,-0.638517,-0.645260,-0.651012,-0.655767,-0.659518,-0.662262,-0.663995,-0.664715,-0.664420,-0.663112,-0.660792
0.822470,0.261150,0.243375,0.225856,0.208612,0.191666,0.175038,0.158749,0.142817,0.127264,0.112106,0.097364,0.083055,0.069196,0.055804,0.042896,0.030487,0.018592,0.007227,-0.003596,-0.013863,-0.023561,-0.032679,-0.041206,-0.049131,-0.056444,-0.063137
0.834425,-0.422510,-0.440522,-0.457764,-0.474215,-0.489856,-0.504667,-0.518630,-0.531728,-0.543946,-0.555268,-0.565680,-0.575171,-0.583728,-0.591340,-0.597999,-0.603697,-0.608426,-0.612181,-0.614957,-0.616751,-0.617561,-0.617385,-0.616225,-0.614080,-0.610954,-0.606851
0.846040,0.286001,0.269719,0.253703,0.237973,0.222548,0.207446,0.192687,0.178288,0.164266,0.150639,0.137424,0.124636,0.112291,0.100404,0.088989,0.078061,0.067633,0.057717,0.048326,0.039470,0.031162,0.023410,0.016225,0.009615,0.003588,-0.001848
0.857305,-0.419418,-0.435548,-0.450891,-0.465426,-0.479137,-0.492007,-0.504019,-0.515160,-0.525416,-0.534774,-0.543223,-0.550752,-0.557353,-0.563017,-0.567738,-0.571510,-0.574327,-0.576188,-0.577088,-0.577028,-0.576008,-0.574028,-0.571091,-0.567201,-0.562362,-0.556581
0.868209,0.313359,0.298490,0.283893,0.269587,0.255589,0.241916,0.228584,0.215610,0.203009,0.190797,0.178990,0.167600,0.156642,0.146130,0.136076,0.126493,0.117391,0.108783,0.100679,0.093088,0.086020,0.079483,0.073486,0.068036,0.063139,0.058801
0.878740,-0.418062,-0.432380,-0.445893,-0.458585,-0.470441,-0.481444,-0.491583,-0.500845,-0.509219,-0.516694,-0.523261,-0.528913,-0.533642,-0.537443,-0.540311,-0.542243,-0.543235,-0.543288,-0.542400,-0.540574,-0.537811,-0.534114,-0.529489,-0.523940,-0.517475,-0.510101
0.888890,0.343561,0.330026,0.316766,0.303797,0.291133,0.278791,0.266786,0.255131,0.243842,0.232932,0.222415,0.212303,0.202609,0.193343,0.184519,0.176146,0.168234,0.160794,0.153834,0.147363,0.141389,0.135919,0.130959,0.126516,0.122595,0.119201
0.898646,-0.419110,-0.431677,-0.443423,-0.454335,-0.464399,-0.473602,-0.481934,-0.489384,-0.495943,-0.501603,-0.506358,-0.510201,-0.513128,-0.515135,-0.516220,-0.516381,-0.515619,-0.513934,-0.511328,-0.507805,-0.503369,-0.498024,-0.491778,-0.484639,-0.476614,-0.467715
0.908001,0.377040,0.364762,0.352756,0.341035,0.329614,0.318506,0.307726,0.297286,0.287199,0.277478,0.268134,0.259178,0.250622,0.242476,0.234750,0.227453,0.220594,0.214182,0.208225,0.202728,0.197700,0.193147,0.189074,0.185485,0.182386,0.179780
0.916946,-0.423551,-0.434419,-0.444452,-0.453636,-0.461962,-0.469418,-0.475996,-0.481687,-0.486485,-0.490384,-0.493379,-0.495466,-0.496643,-0.496909,-0.496263,-0.494706,-0.492239,-0.488867,-0.484592,-0.479420,-0.473358,-0.466413,-0.458593,-0.449908,-0.440368,-0.429986
0.925470,0.414362,0.403262,0.392425,0.381864,0.371592,0.361621,0.351963,0.342630,0.333634,0.324986,0.316696,0.308773,0.301229,0.294072,0.287310,0.280952,0.275006,0.269479,0.264378,0.259708,0.255476,0.251687,0.248345,0.245455,0.243019,0.241042
0.933567,-0.432894,-0.442105,-0.450464,-0.457961,-0.464588,-0.470335,-0.475196,-0.479165,-0.482237,-0.484409,-0.485677,-0.486041,-0.485499,-0.484053,-0.481704,-0.478455,-0.474309,-0.469273,-0.463352,-0.456554,-0.448886,-0.440358,-0.430981,-0.420765,-0.409724,-0.397870
0.941229,0.456281,0.446279,0.436525,0.427033,0.417814,0.408878,0.400237,0.391901,0.383881,0.376186,0.368825,0.361808,0.355143,0.348838,0.342902,0.337340,0.332160,0.327369,0.322971,0.318973,0.315379,0.312194,0.309421,0.307065,0.305127,0.303610
0.948448,-0.449516,-0.457097,-0.463808,-0.469641,-0.474588,-0.478644,-0.481803,-0.484062,-0.485419,-0.485871,-0.485417,-0.484059,-0.481798,-0.478637,-0.474579,-0.469631,-0.463796,-0.457084,-0.449501,-0.441058,-0.431764,-0.421631,-0.410670,-0.398897,-0.386324,-0.372967
0.955217,0.503820,0.494832,0.486074,0.477556,0.469289,0.461284,0.453549,0.446093,0.438928,0.432060,0.425498,0.419250,0.413325,0.407728,0.402468,0.397549,0.392979,0.388763,0.384906,0.381413,0.378288,0.375534,0.373156,0.371155,0.369535,0.368298
0.961529,-0.477366,-0.483321,-0.488383,-0.492545,-0.495803,-0.498152,-0.499590,-0.500114,-0.499725,-0.498422,-0.496207,-0.493084,-0.489055,-0.484126,-0.478302,-0.471591,-0.464001,-0.455541,-0.446222,-0.436055,-0.425052,-0.413226,-0.400592,-0.387166,-0.372964,-0.358003
0.967380,0.558367,0.550311,0.542458,0.534818,0.527400,0.520214,0.513269,0.506572,0.500131,0.493956,0.488053,0.482429,0.477091,0.472046,0.467300,0.462859,0.458728,0.454912,0.451416,0.448243,0.445399,0.442886,0.440708,0.438867,0.437364,0.436204
0.972762,-0.523464,-0.527758,-0.531125,-0.533562,-0.535067,-0.535636,-0.535271,-0.533970,-0.531736,-0.528571,-0.524479,-0.519465,-0.513536,-0.506698,-0.498959,-0.490330,-0.480821,-0.470443,-0.459209,-0.447133,-0.434229,-0.420513,-0.406002,-0.390714,-0.374666,-0.357879
0.977672,0.621817,0.614612,0.607576,0.600717,0.594044,0.587565,0.581288,0.575221,0.569371,0.563744,0.558349,0.553191,0.548277,0.543613,0.539204,0.535056,0.531174,0.527562,0.524226,0.521168,0.518394,0.515906,0.513706,0.511799,0.510186,0.508869
0.982104,-0.601693,-0.604207,-0.605745,-0.606305,-0.605887,-0.604490,-0.602117,-0.598771,-0.594456,-0.589176,-0.582939,-0.575752,-0.567623,-0.558564,-0.548583,-0.537695,-0.525911,-0.513248,-0.499718,-0.485341,-0.470132,-0.454110,-0.437296,-0.419709,-0.401370,-0.382303
0.986054,0.696751,0.690336,0.684045,0.677885,0.671863,0.665988,0.660265,0.654703,0.649308,0.644086,0.639044,0.634187,0.629523,0.625056,0.620792,0.616737,0.612894,0.609269,0.605867,0.602690,0.599745,0.597032,0.594557,0.592323,0.590331,0.588584
0.989519,-0.744493,-0.744912,-0.744267,-0.742560,-0.739793,-0.735970,-0.731094,-0.725172,-0.718212,-0.710221,-0.701209,-0.691187,-0.680168,-0.668165,-0.655193,-0.641267,-0.626404,-0.610623,-0.593942,-0.576382,-0.557965,-0.538712,-0.518648,-0.497796,-0.476183,-0.453834
0.992495,0.786688,0.781076,0.775525,0.770044,0.764639,0.759315,0.754081,0.748941,0.743903,0.738973,0.734155,0.729458,0.724885,0.720443,0.716137,0.711972,0.707954,0.704087,0.700376,0.696825,0.693440,0.690223,0.687179,0.684312,0.681625,0.679121
0.994979,-1.050308,-1.047682,-1.043812,-1.038702,-1.032357,-1.024787,-1.016000,-1.006006,-0.994819,-0.982451,-0.968918,-0.954235,-0.938422,-0.921498,-0.903482,-0.884397,-0.864266,-0.843113,-0.820966,-0.797849,-0.773792,-0.748824,-0.722976,-0.696278,-0.668763,-0.640466
0.996969,0.895228,0.890728,0.886202,0.881654,0.877091,0.872518,0.867940,0.863363,0.858793,0.854235,0.849695,0.845179,0.840691,0.836237,0.831824,0.827455,0.823137,0.818874,0.814673,0.810537,0.806472,0.802484,0.798576,0.794753,0.791022,0.787384
0.998463,-1.988800,-1.978933,-1.967272,-1.953830,-1.938622,-1.921669,-1.902991,-1.882609,-1.860550,-1.836840,-1.811507,-1.784584,-1.756101,-1.726096,-1.694603,-1.661661,-1.627310,-1.591593,-1.554552,-1.516233,-1.476683,-1.435949,-1.394082,-1.351132,-1.307151,-1.262194
0.999460,0.999504,0.998981,0.998272,0.997378,0.996301,0.995041,0.993601,0.991981,0.990184,0.988212,0.986068,0.983753,0.981272,0.978626,0.975820,0.972856,0.969738,0.966470,0.963057,0.959501,0.955808,0.951981,0.948027,0.943948,0.939751,0.935441
